-- =============================================================
-- Freight ERP — Supabase Migration Script
-- Run this in the Supabase SQL Editor for your project.
-- =============================================================

-- ── TABLE DEFINITIONS ────────────────────────────────────────

CREATE TABLE IF NOT EXISTS users (
    username        TEXT PRIMARY KEY,
    password_hash   TEXT NOT NULL,
    role            TEXT NOT NULL CHECK (role IN ('admin','vendor','customer','warehouse')),
    display_name    TEXT,
    company_name    TEXT,
    email           TEXT,
    warehouse_role  TEXT,
    created_at      TIMESTAMPTZ NOT NULL DEFAULT now(),
    updated_at      TIMESTAMPTZ NOT NULL DEFAULT now()
);

CREATE TABLE IF NOT EXISTS orders (
    id                  BIGINT GENERATED BY DEFAULT AS IDENTITY PRIMARY KEY,
    order_number        TEXT UNIQUE NOT NULL,
    customer_username   TEXT NOT NULL REFERENCES users(username),
    vendor_username     TEXT NOT NULL REFERENCES users(username),
    items               JSONB NOT NULL DEFAULT '[]',
    status              TEXT NOT NULL DEFAULT 'requested',
    undelivered_reason  TEXT,
    requested_at        TIMESTAMPTZ NOT NULL DEFAULT now(),
    created_at          TIMESTAMPTZ NOT NULL DEFAULT now(),
    updated_at          TIMESTAMPTZ NOT NULL DEFAULT now()
);

CREATE TABLE IF NOT EXISTS claims (
    id                  BIGINT GENERATED BY DEFAULT AS IDENTITY PRIMARY KEY,
    claim_number        TEXT UNIQUE NOT NULL,
    customer_username   TEXT NOT NULL REFERENCES users(username),
    vendor_username     TEXT NOT NULL REFERENCES users(username),
    order_id            BIGINT REFERENCES orders(id),
    sku                 TEXT NOT NULL,
    damage_type         TEXT,
    damaged_qty         INT DEFAULT 0,
    claim_text          TEXT,
    status              TEXT NOT NULL DEFAULT 'pending',
    decision_reason     TEXT,
    created_at          TIMESTAMPTZ NOT NULL DEFAULT now(),
    updated_at          TIMESTAMPTZ NOT NULL DEFAULT now()
);

-- NOTE: vendor_inventory intentionally has no FK on vendor_username
-- because the seed data references placeholder vendors not present in users.
-- Real vendor rows will reference users correctly.
CREATE TABLE IF NOT EXISTS vendor_inventory (
    id                          BIGINT GENERATED BY DEFAULT AS IDENTITY PRIMARY KEY,
    vendor_username             TEXT NOT NULL,
    sku                         TEXT NOT NULL,
    item_name                   TEXT,
    qty_on_hand                 INT NOT NULL DEFAULT 0,
    reorder_threshold           INT NOT NULL DEFAULT 0,
    manufacturing_critical      BOOLEAN NOT NULL DEFAULT FALSE,
    daily_production_requirement INT NOT NULL DEFAULT 0,
    created_at                  TIMESTAMPTZ NOT NULL DEFAULT now(),
    updated_at                  TIMESTAMPTZ NOT NULL DEFAULT now(),
    UNIQUE (vendor_username, sku)
);

-- Run this if the table already exists (adds missing column):
-- ALTER TABLE vendor_inventory ADD COLUMN IF NOT EXISTS daily_production_requirement INT NOT NULL DEFAULT 0;

CREATE TABLE IF NOT EXISTS customer_inventory (
    id                  BIGINT GENERATED BY DEFAULT AS IDENTITY PRIMARY KEY,
    customer_username   TEXT NOT NULL REFERENCES users(username),
    vendor_username     TEXT NOT NULL,
    sku                 TEXT NOT NULL,
    item_name           TEXT,
    qty_on_hand         INT NOT NULL DEFAULT 0,
    created_at          TIMESTAMPTZ NOT NULL DEFAULT now(),
    updated_at          TIMESTAMPTZ NOT NULL DEFAULT now(),
    UNIQUE (customer_username, vendor_username, sku)
);

CREATE TABLE IF NOT EXISTS customer_vendor_links (
    id                  BIGINT GENERATED BY DEFAULT AS IDENTITY PRIMARY KEY,
    customer_username   TEXT NOT NULL REFERENCES users(username),
    vendor_username     TEXT NOT NULL REFERENCES users(username),
    linked_at           TIMESTAMPTZ NOT NULL DEFAULT now(),
    created_at          TIMESTAMPTZ NOT NULL DEFAULT now(),
    updated_at          TIMESTAMPTZ NOT NULL DEFAULT now(),
    UNIQUE (customer_username, vendor_username)
);

CREATE TABLE IF NOT EXISTS vendor_sla (
    id                      BIGINT GENERATED BY DEFAULT AS IDENTITY PRIMARY KEY,
    vendor_username         TEXT NOT NULL REFERENCES users(username),
    customer_usernames      TEXT[] NOT NULL DEFAULT '{}',
    sla_document_filename   TEXT,
    sla_text_cache          TEXT,
    liability_summary       TEXT,
    uploaded_at             TIMESTAMPTZ NOT NULL DEFAULT now(),
    created_at              TIMESTAMPTZ NOT NULL DEFAULT now(),
    updated_at              TIMESTAMPTZ NOT NULL DEFAULT now()
);

CREATE TABLE IF NOT EXISTS alerts (
    id               BIGINT GENERATED BY DEFAULT AS IDENTITY PRIMARY KEY,
    audience         TEXT NOT NULL,
    target_username  TEXT,
    type             TEXT NOT NULL,
    title            TEXT,
    message          TEXT,
    related_id       BIGINT,
    status           TEXT NOT NULL DEFAULT 'unread',
    created_at       TIMESTAMPTZ NOT NULL DEFAULT now(),
    updated_at       TIMESTAMPTZ NOT NULL DEFAULT now()
);

CREATE TABLE IF NOT EXISTS audit_logs (
    id          BIGINT GENERATED BY DEFAULT AS IDENTITY PRIMARY KEY,
    timestamp   TIMESTAMPTZ NOT NULL DEFAULT now(),
    actor       TEXT,
    action      TEXT,
    module      TEXT,
    record_id   BIGINT,
    details     TEXT
);

CREATE TABLE IF NOT EXISTS purchase_orders (
    id              UUID DEFAULT gen_random_uuid() PRIMARY KEY,
    po_number       TEXT,
    vendor_username TEXT NOT NULL REFERENCES users(username),
    sku             TEXT,
    item_name       TEXT,
    quantity        INT DEFAULT 1,
    created_by      TEXT,
    date_raised     TIMESTAMPTZ NOT NULL DEFAULT now(),
    status          TEXT NOT NULL DEFAULT 'Pending',
    delivery_date   TIMESTAMPTZ,
    created_at      TIMESTAMPTZ NOT NULL DEFAULT now(),
    updated_at      TIMESTAMPTZ NOT NULL DEFAULT now()
);

-- Run this if the table already exists (adds missing columns):
-- ALTER TABLE purchase_orders ADD COLUMN IF NOT EXISTS po_number TEXT;
-- ALTER TABLE purchase_orders ADD COLUMN IF NOT EXISTS sku TEXT;
-- ALTER TABLE purchase_orders ADD COLUMN IF NOT EXISTS item_name TEXT;
-- ALTER TABLE purchase_orders ADD COLUMN IF NOT EXISTS quantity INT DEFAULT 1;
-- ALTER TABLE purchase_orders ADD COLUMN IF NOT EXISTS created_by TEXT;


-- ── SEED DATA — Computer Manufacturing Plant Context ─────────────────────
-- Factory: NovaTech Computers (compufact) assembles desktop PCs.
-- Vendors: ProChip Electronics (procchip) supplies CPUs/GPUs/RAM/Motherboards.
--          PowerCage Systems (powercage) supplies PSUs/Cases/SSDs/Coolers.
-- Daily production target: 50 assembled PCs per day.

-- To reset to a clean slate before re-seeding, run:
-- TRUNCATE alerts, audit_logs, vendor_sla, customer_vendor_links,
--   customer_inventory, vendor_inventory, claims, orders, purchase_orders
--   RESTART IDENTITY CASCADE;
-- DELETE FROM users WHERE username != 'admin';

-- Users
INSERT INTO users (username, password_hash, role, display_name, company_name, email, created_at, updated_at) VALUES
  ('admin',
   '$2b$12$S01xkx8bBLj8lAEldtYhXe/DXjntpFcP8LOzya6L3PNszN7RbPNYy',
   'admin', 'Alex Admin', NULL, 'admin@freighterp.com',
   '2026-07-01T09:00:00+00:00', '2026-07-01T09:00:00+00:00'),

  -- Eastern Warehouse operator at NovaTech factory floor   password: Vendor@123
  ('warehouse_op',
   '$2b$12$GjmE2OjsTzfFaE165JV8de/mMB1C5R9b9ir7j9tF4YQs4iH06VQJe',
   'warehouse', 'Warehouse Operator', 'NovaTech Computers', 'warehouse@novatech.com',
   '2026-07-01T09:05:00+00:00', '2026-07-01T09:05:00+00:00'),

  -- NovaTech Computers — the PC manufacturing plant (customer)  password: Customer@123
  ('compufact',
   '$2b$12$VskcqyPTJxdFEgkXZ/by8uJ1n.U8r9R0wAqYkT0hlrMP65qBYKvJG',
   'customer', 'NovaTech Computers', 'NovaTech Computers', 'procurement@novatech.com',
   '2026-07-01T09:10:00+00:00', '2026-07-01T09:10:00+00:00'),

  -- ProChip Electronics — supplies CPUs, GPUs, RAM, Motherboards  password: Vendor@123
  ('procchip',
   '$2b$12$RjQhlBWJTqU8SXY8IkJexutuxfRzCvHVkxo533MfT45FE1lYsHpky',
   'vendor', 'ProChip Electronics', 'ProChip Electronics', 'supply@procchip.com',
   '2026-07-01T09:15:00+00:00', '2026-07-01T09:15:00+00:00'),

  -- PowerCage Systems — supplies PSUs, Cases, SSDs, Coolers  password: Vendor@123
  ('powercage',
   '$2b$12$G4iA/nQDDXwVb/XF7elrAuj6oFgyS5XnmC8jF4nWkEbFWFZXAePYG',
   'vendor', 'PowerCage Systems', 'PowerCage Systems', 'supply@powercage.com',
   '2026-07-01T09:20:00+00:00', '2026-07-01T09:20:00+00:00')
ON CONFLICT (username) DO NOTHING;


-- Orders (factory → vendor parts orders)
INSERT INTO orders (id, order_number, customer_username, vendor_username, items, status, undelivered_reason, requested_at, created_at, updated_at)
OVERRIDING SYSTEM VALUE VALUES
  (1, 'ORD-0001', 'compufact', 'procchip',
   '[{"sku":"CPU-I9-14K","item_name":"Intel Core i9-14900K Processor","qty":200}]',
   'delivered', NULL, '2026-07-01T10:00:00+00:00', '2026-07-01T10:00:00+00:00', '2026-07-02T08:00:00+00:00'),
  (2, 'ORD-0002', 'compufact', 'procchip',
   '[{"sku":"GPU-RTX4080","item_name":"NVIDIA RTX 4080 Graphics Card","qty":120}]',
   'delivered', NULL, '2026-07-01T10:15:00+00:00', '2026-07-01T10:15:00+00:00', '2026-07-02T09:00:00+00:00'),
  (3, 'ORD-0003', 'compufact', 'procchip',
   '[{"sku":"RAM-DDR5-32G","item_name":"DDR5 32GB RAM Module","qty":400}]',
   'delivered', NULL, '2026-07-01T10:30:00+00:00', '2026-07-01T10:30:00+00:00', '2026-07-02T10:00:00+00:00'),
  (4, 'ORD-0004', 'compufact', 'procchip',
   '[{"sku":"MOBO-Z790","item_name":"Z790 ATX Motherboard","qty":200}]',
   'delivered', NULL, '2026-07-01T11:00:00+00:00', '2026-07-01T11:00:00+00:00', '2026-07-02T11:00:00+00:00'),
  (5, 'ORD-0005', 'compufact', 'powercage',
   '[{"sku":"PSU-850W-GOLD","item_name":"850W 80+ Gold PSU","qty":200}]',
   'delivered', NULL, '2026-07-01T11:30:00+00:00', '2026-07-01T11:30:00+00:00', '2026-07-02T12:00:00+00:00'),
  (6, 'ORD-0006', 'compufact', 'powercage',
   '[{"sku":"SSD-NVME-2TB","item_name":"2TB NVMe M.2 SSD","qty":300}]',
   'delivered', NULL, '2026-07-01T12:00:00+00:00', '2026-07-01T12:00:00+00:00', '2026-07-02T13:00:00+00:00'),
  (7, 'ORD-0007', 'compufact', 'procchip',
   '[{"sku":"MOBO-Z790","item_name":"Z790 ATX Motherboard","qty":100}]',
   'requested', NULL, '2026-07-05T09:00:00+00:00', '2026-07-05T09:00:00+00:00', '2026-07-05T09:00:00+00:00'),
  (8, 'ORD-0008', 'compufact', 'powercage',
   '[{"sku":"CASE-ATX-PRO","item_name":"ATX Pro Full Tower Case","qty":150}]',
   'requested', NULL, '2026-07-05T09:30:00+00:00', '2026-07-05T09:30:00+00:00', '2026-07-05T09:30:00+00:00')
ON CONFLICT (id) DO NOTHING;

SELECT setval(pg_get_serial_sequence('orders', 'id'), (SELECT MAX(id) FROM orders));


-- Claims (GPU impact damage and RAM water damage → both trigger production halt alert)
INSERT INTO claims (id, claim_number, customer_username, vendor_username, order_id, sku, damage_type, damaged_qty, claim_text, status, decision_reason, created_at, updated_at)
OVERRIDING SYSTEM VALUE VALUES
  (1, 'CLM-0001', 'compufact', 'procchip', 2, 'GPU-RTX4080', 'impact', 65,
   'Claim for order ORD-0002: 120 NVIDIA RTX 4080 GPUs were ordered, but 65 units arrived with severe impact damage — PCIe connectors shattered and PCBs visibly cracked. The remaining 55 undamaged units are insufficient to sustain 2 days of production at our current build rate of 30 GPUs/day, creating an imminent manufacturing halt risk.',
   'pending', NULL, '2026-07-02T14:00:00+00:00', '2026-07-02T14:00:00+00:00'),
  (2, 'CLM-0002', 'compufact', 'procchip', 3, 'RAM-DDR5-32G', 'water_damage', 320,
   'Claim for order ORD-0003: 400 DDR5 32GB RAM modules were ordered, but 320 units arrived with severe water damage — corrosion on memory chips rendering them non-functional. Only 80 undamaged units remain, covering less than 1 day of production (requirement: 100 RAM modules/day). Immediate replacement shipment is critical to prevent assembly line stoppage.',
   'pending', NULL, '2026-07-02T15:00:00+00:00', '2026-07-02T15:00:00+00:00'),
  (3, 'CLM-0003', 'compufact', 'powercage', 6, 'SSD-NVME-2TB', 'electrostatic', 90,
   'Claim for order ORD-0006: 300 NVMe SSDs were ordered; 90 units show electrostatic discharge damage on NAND controllers. The 210 undamaged units provide approximately 4.2 days of buffer — no immediate halt risk but replacement needed within the week.',
   'pending', NULL, '2026-07-03T09:00:00+00:00', '2026-07-03T09:00:00+00:00')
ON CONFLICT (id) DO NOTHING;

SELECT setval(pg_get_serial_sequence('claims', 'id'), (SELECT MAX(id) FROM claims));


-- Vendor Inventory (procchip and powercage — computer manufacturing parts)
-- daily_production_requirement = units consumed per day at 50 PCs/day build rate
INSERT INTO vendor_inventory (id, vendor_username, sku, item_name, qty_on_hand, reorder_threshold, manufacturing_critical, daily_production_requirement, created_at, updated_at)
OVERRIDING SYSTEM VALUE VALUES
  (1, 'procchip', 'CPU-I9-14K',   'Intel Core i9-14900K Processor', 170, 100, TRUE,  50,  '2026-07-01T09:15:00+00:00', '2026-07-01T09:15:00+00:00'),
  (2, 'procchip', 'GPU-RTX4080',  'NVIDIA RTX 4080 Graphics Card',  55,  60,  TRUE,  30,  '2026-07-01T09:15:00+00:00', '2026-07-01T09:15:00+00:00'),
  (3, 'procchip', 'RAM-DDR5-32G', 'DDR5 32GB RAM Module',           80,  100, TRUE,  100, '2026-07-01T09:15:00+00:00', '2026-07-01T09:15:00+00:00'),
  (4, 'procchip', 'MOBO-Z790',    'Z790 ATX Motherboard',           185, 100, TRUE,  50,  '2026-07-01T09:15:00+00:00', '2026-07-01T09:15:00+00:00'),
  (5, 'powercage','PSU-850W-GOLD','850W 80+ Gold PSU',              190, 75,  FALSE, 50,  '2026-07-01T09:20:00+00:00', '2026-07-01T09:20:00+00:00'),
  (6, 'powercage','CASE-ATX-PRO', 'ATX Pro Full Tower Case',        145, 75,  FALSE, 50,  '2026-07-01T09:20:00+00:00', '2026-07-01T09:20:00+00:00'),
  (7, 'powercage','SSD-NVME-2TB', '2TB NVMe M.2 SSD',              210, 75,  TRUE,  50,  '2026-07-01T09:20:00+00:00', '2026-07-01T09:20:00+00:00'),
  (8, 'powercage','COOL-240-AIO', '240mm AIO Liquid Cooler',        160, 60,  FALSE, 50,  '2026-07-01T09:20:00+00:00', '2026-07-01T09:20:00+00:00')
ON CONFLICT (id) DO NOTHING;

SELECT setval(pg_get_serial_sequence('vendor_inventory', 'id'), (SELECT MAX(id) FROM vendor_inventory));


-- Customer Inventory (factory floor stock after deliveries)
INSERT INTO customer_inventory (id, customer_username, vendor_username, sku, item_name, qty_on_hand, created_at, updated_at)
OVERRIDING SYSTEM VALUE VALUES
  (1, 'compufact', 'procchip',  'CPU-I9-14K',   'Intel Core i9-14900K Processor', 200, '2026-07-02T08:00:00+00:00', '2026-07-02T08:00:00+00:00'),
  (2, 'compufact', 'procchip',  'GPU-RTX4080',  'NVIDIA RTX 4080 Graphics Card',  55,  '2026-07-02T09:00:00+00:00', '2026-07-02T09:00:00+00:00'),
  (3, 'compufact', 'procchip',  'RAM-DDR5-32G', 'DDR5 32GB RAM Module',           80,  '2026-07-02T10:00:00+00:00', '2026-07-02T10:00:00+00:00'),
  (4, 'compufact', 'procchip',  'MOBO-Z790',    'Z790 ATX Motherboard',           200, '2026-07-02T11:00:00+00:00', '2026-07-02T11:00:00+00:00'),
  (5, 'compufact', 'powercage', 'PSU-850W-GOLD','850W 80+ Gold PSU',              200, '2026-07-02T12:00:00+00:00', '2026-07-02T12:00:00+00:00'),
  (6, 'compufact', 'powercage', 'SSD-NVME-2TB', '2TB NVMe M.2 SSD',              210, '2026-07-02T13:00:00+00:00', '2026-07-02T13:00:00+00:00')
ON CONFLICT (id) DO NOTHING;

SELECT setval(pg_get_serial_sequence('customer_inventory', 'id'), (SELECT MAX(id) FROM customer_inventory));


-- Customer-Vendor Links
INSERT INTO customer_vendor_links (id, customer_username, vendor_username, linked_at, created_at, updated_at)
OVERRIDING SYSTEM VALUE VALUES
  (1, 'compufact', 'procchip',  '2026-07-01T09:30:00+00:00', '2026-07-01T09:30:00+00:00', '2026-07-01T09:30:00+00:00'),
  (2, 'compufact', 'powercage', '2026-07-01T09:35:00+00:00', '2026-07-01T09:35:00+00:00', '2026-07-01T09:35:00+00:00')
ON CONFLICT (id) DO NOTHING;

SELECT setval(pg_get_serial_sequence('customer_vendor_links', 'id'), (SELECT MAX(id) FROM customer_vendor_links));


-- Vendor SLA (re-upload PDFs via the portal to restore full RAG text)
INSERT INTO vendor_sla (id, vendor_username, customer_usernames, sla_document_filename, sla_text_cache, liability_summary, uploaded_at, created_at, updated_at)
OVERRIDING SYSTEM VALUE VALUES
  (1, 'procchip', ARRAY['compufact']::text[], 'procchip_sla_2026.pdf',
   'PROCCHIP ELECTRONICS COMPONENT SUPPLY AGREEMENT — SLA-PCE-2026-001. Governs supply of CPUs, GPUs, RAM modules, and motherboards to NovaTech Computers. Key terms: 4-hour inspection window upon delivery; 12-hour claim submission window; full vendor liability for transit damage when items shipped in anti-static packaging with intact seals; Damage Severity Levels 1-5 with proportional replacement; emergency replacement within 48 hours for critical manufacturing components when stock falls below 2 days production requirement; 100% replacement liability for water/impact damage exceeding 10% of shipment quantity.',
   'ProChip Electronics SLA-PCE-2026-001 — Full vendor liability for transit damage; 48h emergency replacement for production-critical shortages.',
   '2026-07-01T10:00:00+00:00', '2026-07-01T10:00:00+00:00', '2026-07-01T10:00:00+00:00'),
  (2, 'powercage', ARRAY['compufact']::text[], 'powercage_sla_2026.pdf',
   'POWERCAGE SYSTEMS COMPONENT SUPPLY AGREEMENT — SLA-PCS-2026-001. Governs supply of PSUs, PC cases, NVMe SSDs, and cooling systems to NovaTech Computers. Key terms: 4-hour inspection window; 24-hour claim submission; full liability for electrostatic discharge damage when ESD packaging is intact; emergency replacement within 72 hours for production-critical shortages; 80% replacement liability for physical damage; 100% replacement for DOA (dead on arrival) units confirmed within inspection window.',
   'PowerCage Systems SLA-PCS-2026-001 — 80-100% liability for transit damage; 72h emergency replacement for production shortages.',
   '2026-07-01T10:05:00+00:00', '2026-07-01T10:05:00+00:00', '2026-07-01T10:05:00+00:00')
ON CONFLICT (id) DO NOTHING;

SELECT setval(pg_get_serial_sequence('vendor_sla', 'id'), (SELECT MAX(id) FROM vendor_sla));


-- Alerts (order/delivery notifications + production halt alerts from inventory agent)
INSERT INTO alerts (id, audience, target_username, type, title, message, related_id, status, created_at, updated_at)
OVERRIDING SYSTEM VALUE VALUES
  (1, 'vendor',   'procchip',  'new_order',            'New Order ORD-0001',           'compufact placed order ORD-0001 for 200x Intel Core i9-14900K.',   1, 'unread', '2026-07-01T10:00:00+00:00', '2026-07-01T10:00:00+00:00'),
  (2, 'customer', 'compufact', 'order_status_changed',  'Order ORD-0001 Delivered',     'Order ORD-0001 (200x CPU-I9-14K) is now delivered.',               1, 'unread', '2026-07-02T08:00:00+00:00', '2026-07-02T08:00:00+00:00'),
  (3, 'vendor',   'procchip',  'new_order',            'New Order ORD-0002',           'compufact placed order ORD-0002 for 120x NVIDIA RTX 4080.',        2, 'unread', '2026-07-01T10:15:00+00:00', '2026-07-01T10:15:00+00:00'),
  (4, 'customer', 'compufact', 'order_status_changed',  'Order ORD-0002 Delivered',     'Order ORD-0002 (120x GPU-RTX4080) is now delivered.',              2, 'unread', '2026-07-02T09:00:00+00:00', '2026-07-02T09:00:00+00:00'),
  (5, 'vendor',   'procchip',  'new_order',            'New Order ORD-0003',           'compufact placed order ORD-0003 for 400x DDR5 32GB RAM.',          3, 'unread', '2026-07-01T10:30:00+00:00', '2026-07-01T10:30:00+00:00'),
  (6, 'customer', 'compufact', 'order_status_changed',  'Order ORD-0003 Delivered',     'Order ORD-0003 (400x RAM-DDR5-32G) is now delivered.',             3, 'unread', '2026-07-02T10:00:00+00:00', '2026-07-02T10:00:00+00:00'),
  (7, 'vendor',   'procchip',  'new_claim',            'New Claim CLM-0001 — GPU Damage', 'compufact filed CLM-0001: 65 of 120 RTX 4080 impact-damaged on ORD-0002.', 1, 'unread', '2026-07-02T14:00:00+00:00', '2026-07-02T14:00:00+00:00'),
  (8, 'admin',    NULL,        'new_claim',            'New Claim CLM-0001 — GPU Damage', 'CLM-0001 by compufact vs procchip. 65/120 RTX 4080 impact-damaged.', 1, 'unread', '2026-07-02T14:00:00+00:00', '2026-07-02T14:00:00+00:00'),
  (9, 'vendor',   'procchip',  'new_claim',            'New Claim CLM-0002 — RAM Water Damage', 'compufact filed CLM-0002: 320 of 400 DDR5 RAM water-damaged on ORD-0003.', 2, 'unread', '2026-07-02T15:00:00+00:00', '2026-07-02T15:00:00+00:00'),
  (10,'admin',    NULL,        'new_claim',            'New Claim CLM-0002 — RAM Water Damage', 'CLM-0002 by compufact vs procchip. 320/400 DDR5 RAM water-damaged.', 2, 'unread', '2026-07-02T15:00:00+00:00', '2026-07-02T15:00:00+00:00'),
  -- Production halt alerts fired by inventory agent after processing CLM-0001
  (11,'admin',    NULL,        'production_halt_risk', '⚠ CRITICAL: Production Halt Risk — NVIDIA RTX 4080 Graphics Card',
   'After processing damaged shipment (PO: ORD-0002), available stock of ''NVIDIA RTX 4080 Graphics Card'' (SKU: GPU-RTX4080) covers only 1.8 day(s) of factory production (daily requirement: 30 units/day, current on-hand: 55 units). Immediate resupply from vendor ''procchip'' is required to prevent a manufacturing halt.',
   2, 'unread', '2026-07-02T14:05:00+00:00', '2026-07-02T14:05:00+00:00'),
  (12,'vendor',   'procchip',  'production_halt_risk', '⚠ CRITICAL: Production Halt Risk — NVIDIA RTX 4080 Graphics Card',
   'After processing damaged shipment (PO: ORD-0002), NovaTech Computers'' RTX 4080 stock covers only 1.8 day(s) of production (30 units/day required, 55 on-hand). Emergency resupply is required immediately to prevent assembly line halt.',
   2, 'unread', '2026-07-02T14:05:00+00:00', '2026-07-02T14:05:00+00:00'),
  -- Production halt alerts fired after processing CLM-0002
  (13,'admin',    NULL,        'production_halt_risk', '⚠ CRITICAL: Production Halt Risk — DDR5 32GB RAM Module',
   'After processing damaged shipment (PO: ORD-0003), available stock of ''DDR5 32GB RAM Module'' (SKU: RAM-DDR5-32G) covers only 0.8 day(s) of factory production (daily requirement: 100 units/day, current on-hand: 80 units). Immediate resupply from vendor ''procchip'' is required to prevent a manufacturing halt.',
   3, 'unread', '2026-07-02T15:05:00+00:00', '2026-07-02T15:05:00+00:00'),
  (14,'vendor',   'procchip',  'production_halt_risk', '⚠ CRITICAL: Production Halt Risk — DDR5 32GB RAM Module',
   'After processing damaged shipment (PO: ORD-0003), NovaTech Computers'' DDR5 RAM stock covers only 0.8 day(s) of production (100 units/day required, 80 on-hand). Assembly line will halt within hours without emergency resupply.',
   3, 'unread', '2026-07-02T15:05:00+00:00', '2026-07-02T15:05:00+00:00'),
  -- SSD ESD damage — inventory update (4.2 days covered, no halt risk)
  (15,'vendor',   'powercage', 'new_claim', 'New Claim CLM-0003 — SSD ESD Damage',
   'compufact filed CLM-0003: 90 of 300 NVMe SSDs ESD-damaged on ORD-0006.',
   3, 'unread', '2026-07-03T09:00:00+00:00', '2026-07-03T09:00:00+00:00'),
  (16,'admin',    NULL,        'inventory_update', 'Inventory Updated — 2TB NVMe M.2 SSD',
   '210 unit(s) of ''2TB NVMe M.2 SSD'' (SKU: SSD-NVME-2TB) from PO ORD-0006 have been added to the Inventory.',
   3, 'unread', '2026-07-03T09:05:00+00:00', '2026-07-03T09:05:00+00:00')
ON CONFLICT (id) DO NOTHING;

SELECT setval(pg_get_serial_sequence('alerts', 'id'), (SELECT MAX(id) FROM alerts));
